word,type,uses
"Integral Yoga Institute Princeton","place",1
"Ujjal Bhattacharjee","name",1
"The Peace Place","place",1
"Zenergy Wellness Center","place",1
"Subway","establishment",3
"A Google User","name",146
"Healthabit Natural Foods","establishment",1
"Big Blue Kinston","establishment",1
"David broadway,jr","name",2
"Piggly Wiggly","establishment",1
"Donald Brewer","name",1
"U.S. Cellular","establishment",1
"Lenoir Community College Bookstore","establishment",1
"Skyler Fullerton","name",1
"FAMILY DOLLAR","establishment",3
"Russ Mccall","name",1
"Chef & the Farmer","establishment",1
"Charles Register","name",1
"Sarah Whitmore","name",1
"Matthew Schock","name",1
"Bill Matthias","name",1
"Laurie Watson","name",1
"Lester's Hardware Company Inc","establishment",1
"Food Lion Grocery Store","establishment",1
"NAPA Auto Parts Barnes Motor & Parts Company","establishment",1
"Rite Aid Pharmacy","establishment",3
"kelly johnson","name",1
"La Petite Boutique","establishment",1
"Neuse Sport Shop","establishment",1
"Brent McLamb","name",1
"Daniel Gardiner","name",1
"Michael Strain","name",1
"Jon Bassett","name",1
"Jon Harpst","name",1
"H Stadiem Inc","establishment",1
"George B","name",1
"Kangaroo Express","establishment",1
"ATM Kangaroo Express 3076","establishment",1
"Mr. Tire Auto Service Centers","establishment",1
"Cindy Askew","name",1
"Rent-A-Center","establishment",1
"Sherwin-Williams Paint Store","establishment",2
"Ricky García","name",1
"NAPA Auto Parts Genuine Parts Company","establishment",1
"Jesse Lenhart","name",1
"Roberto Cota","name",1
"Fidelmar Alcantar","name",1
"Walmart Supercenter","establishment",6
"Jeremy Morgan","name",1
"Juan Rios","name",1
"Amy Oliver","name",1
"Junting W","name",1
"Darcey Martinez","name",1
"Ammmon Neilson","name",1
"Daniel Peterson","name",1
"Justina Crickmore","name",1
"Cameron Shipley","name",1
"The Home Depot","establishment",2
"Mike Price","name",1
"Nick Simeone","name",1
"Maria Allan","name",1
"Greg B","name",1
"Jonathan Speters","name",1
"Kohl's","establishment",1
"Kaligh Bailey","name",1
"Kris Larabee","name",1
"Harmons West","establishment",1
"Valerie Carrillo","name",1
"Eran EranG","name",1
"Dan Gudmundson","name",1
"Jacqueline Link","name",1
"USANA Health Sciences, Inc.","establishment",1
"Boyd Bastian","name",1
"Alvin Mendoza","name",1
"Jorge Kauffman","name",1
"Froylan Galiana","name",1
"Andres Juarez","name",1
"T-Mobile West Valley City","establishment",1
"Luis Onofre","name",1
"Robert Paddock","name",1
"Backcountry.com Retail Store","establishment",1
"Mike Francis","name",1
"Huntley Campbell","name",1
"Dirk Linderman","name",1
"Ryan Wyble","name",1
"Jacob Wiglama","name",1
"Henry Day Ford","establishment",1
"Nicole Hansen","name",1
"Drex Dutson","name",1
"Heather McDonald","name",1
"Dallace Brown","name",1
"Maelee Brunner","name",1
"Impact Guns","establishment",1
"M Reed","name",1
"Brad Buckmiller","name",1
"Michael Monsen","name",1
"John Nowoslawski","name",1
"Distric Location","name",1
"Toys""R""Us","establishment",1
"Sommer Congdon","name",1
"Chandler Durrant","name",1
"Michael Munn","name",1
"Michael Zaro","name",1
"Lowe's Home Improvement","establishment",2
"debra howland","name",1
"Casey Walker","name",1
"Kasey Schuster","name",1
"Nate Daniel","name",1
"Paul Jackson","name",1
"Big 5 Sporting Goods","establishment",1
"Macy's","establishment",2
"Gabby Santana","name",1
"Donald Smith","name",1
"Francisco Garcia","name",1
"Zurchers Party & Wedding Store","establishment",1
"Michelle Wood","name",1
"Nichelle Koss","name",1
"paul perschon","name",1
"Claudia Bernal","name",1
"Danielle M","name",1
"Discount Tire Store - W Valley City, UT","establishment",1
"Suzanne Mueller","name",1
"JUSTIN CASE","name",1
"Neil Gupta","name",1
"Juan Pena","name",1
"James Crotts","name",1
"The NPS Store","establishment",1
"Susann Marcial","name",1
"Shahid Sulahria","name",1
"Kelsey Beck","name",1
"Chet Budhathoki","name",1
"Timothy Marti","name",1
"Ross Dress for Less","establishment",3
"Angelica Jacquez","name",1
"Lynna Neang","name",1
"Todd Grace","name",1
"AJ CurryVindaloo","name",1
"Joshua Brooks","name",1
"Stimson Lumber Co","establishment",1
"Freeburg Sales & Services","establishment",1
"Claude's Body Shop","establishment",1
"Tomi Hasty","name",1
"Michael K. Smith","name",1
"Brandon Boutwell","name",1
"Amanda Honeycutt","name",1
"Randy Mullenix","name",1
"Belk","establishment",1
"William I. Dawson","name",1
"Tractor Supply Co.","establishment",1
"Robert Bass","name",1
"Goody's","establishment",1
"Hibbett Sports","establishment",3
"Cato","establishment",1
"American Spirit Wear","establishment",1
"Unique Clothing & Accessories","establishment",1
"Springfield Cleaners & Laundry","establishment",1
"Main Street Boutique And Gifts","establishment",1
"Custom Alterations N Cleaners","establishment",1
"Dockers","establishment",1
"RancheroWear","establishment",1
"Stitched In Tennessee Embroidery & More","establishment",1
"National Geographic Store","establishment",1
"Andrew Addison","name",1
"Nancy Edwards","name",1
"Gap","establishment",2
"Scott Stadum","name",1
"T-Mobile Washington","establishment",1
"michelle minton","name",1
"Sarah Factor","name",1
"Katherine Watier Ong","name",1
"City Sports","establishment",1
"Vishal Sinha","name",1
"Diego Chojkier","name",1
"Barnes & Noble","establishment",1
"Noah Resnick","name",1
"Jason Feimster","name",1
"Daniel Elliott","name",1
"Matt Toon","name",1
"Summer Love","name",1
"Whole Foods Market","establishment",1
"Meg Smith","name",1
"Carlos DeFarmer","name",1
"Jim Schultz","name",1
"Danielle Ricks","name",1
"Ezana Abraham","name",1
"Camilla Peterson","name",2
"Aviva Musicus","name",1
"dectra dectra","name",1
"Petrina Baldwin","name",1
"Dee Kayy","name",1
"Staples","establishment",2
"Sankaya Hall","name",1
"Andrew Blair-Stanek","name",1
"dumb dalia","name",1
"Baked & Wired","establishment",1
"Scotty ST","name",2
"Philip Walls","name",1
"Caroline Fernandez","name",1
"Moira Dhaliwal","name",1
"JC Kollmorgen","name",2
"The UPS Store","establishment",2
"Dale Kim","name",1
"Lori Jackson","name",1
"Blick Art Materials","establishment",1
"Laz Pataz","name",1
"Katie E","name",1
"Judith Miller","name",1
"John Blee","name",1
"George Edwards","name",1
"John Mark Stephens","name",1
"Madelen McIntosh","name",1
"Stacey Regner","name",1
"FoBoGro","establishment",1
"Colleen Grant","name",1
"Briana Whitfield","name",1
"Alyx Mark","name",2
"Brad Jordan","name",1
"Paper Source","establishment",1
"Alex DiCaprio","name",1
"Nathan S Ivey","name",1
"JR CIGAR","establishment",1
"Michael Yancey","name",1
"Bontressa Lovett","name",1
"CVS Pharmacy","establishment",1
"Buffalo Exchange","establishment",1
"Forrest Miller","name",1
"Susannah Friemel","name",1
"Bridge Street Books","establishment",1
"Jorge Molina","name",1
"Kenneth Hau","name",1
"Fahrney's Pens Inc","establishment",1
"Louis Smith","name",1
"Scott Proper","name",1
"Edward Blum","name",1
"Julian Hipkins","name",1
"Bed Bath & Beyond","establishment",1
"Morgane Renoir","name",1
"Charlotte Lewis","name",1
"Mary M","name",1
"Matthew Bennett","name",1
"Willow Creek Advanced Tech Inc","establishment",1
"Little Horse Trading Co","establishment",1
"Wareham","city",18
"Target Pharmacy","establishment",1
"Ron Lindholm","name",1
"Joseph Titlebaum","name",1
"AT&T","establishment",1
"Cranberry Highway","street",8
"Target","establishment",3
"Belsten Chua","name",1
"L.L.Bean","establishment",1
"Graham Mogollon","name",1
"Michael Patten","name",1
"Famous Footwear","establishment",1
"Marion Road","street",2
"Main Street","street",2
"CVS Pharmacy - Photo","establishment",1
"Derek Trum","name",1
"mark gomes","name",1
"Elm Street","street",1
"Old Company Store","establishment",1
"Michaels","establishment",1
"Old Navy","establishment",2
"Dunkin' Donuts","establishment",1
"Kristen Garlet","name",1
"Sean Smith","name",1
"Onset Village Music","establishment",1
"AKJ Auto Sales","establishment",1
"Sue L","name",1
"Mark Weatherby","name",1
"jenna ohearn","name",1
"Petco Animal Supplies","establishment",1
"Aubuchon Hardware","establishment",1
"Tow Road","street",1
"Factory Five Racing, Inc.","establishment",1
"Ramoon HxH","name",1
"Neil Gouveia","name",1
"Wareham Crossing","establishment",1
"South Coast Hearth & Patio","establishment",1
"Surrey Place","street",2
"Perry","city",4
"Ballistic Beads Beyond Inc","establishment",1
"Grovania Road","street",1
"Hawkinsville","city",1
"Deep South Hog Dog Supply.Com","establishment",1
"U.S. 341","street",1
"Quality Tire Recycling","establishment",1
"Pats Protective Products","establishment",1
"S Hwy 247","street",1
"Davidson's Grocers","establishment",1
"Georgia 247","street",1
"Kathleen","city",1
"E Z Thrift","establishment",1
"Saint Cloud","city",1
"Hänks Häuser","establishment",1
"Center Point Parkway","street",8
"Birmingham","city",8
"EyeCare Associates: Center Point","establishment",1
"Maurita Ward","name",1
"Carson Road","street",1
"Pioneer Bookstore","establishment",1
"Center Point","city",10
"Kim's Fashions","establishment",1
"Huffman Road","street",1
"Simply Fashion","establishment",1
"An Elegant Affair","establishment",1
"Kerri Lane","street",1
"Just Right Costumes Lingerie","establishment",1
"K & K Fashions","establishment",1
"Trafalgar Square","street",1
"LenaColette","establishment",1
"Suit Shop","establishment",1
"Springville Road","street",1
"Kamesha Johnson","name",1
"Sterling Glen Drive","street",1
"Pinson","city",2
"Katey Jades Baby Boutique","establishment",1
"Sonya's Stuff","establishment",1
"21st Avenue Northwest","street",1
"Cassandra's Fashions","establishment",1
"6th Street Northwest","street",1
"Ace Reweaving & Alterations","establishment",1
"Eye Care Associates Inc: Jennifer Williams OD","establishment",1
"26th Avenue Northwest","street",1
"Sax Pet Boutique","establishment",1
"1st Street Northeast","street",1
"Blanks Boutique - Embroidery Blanks","establishment",1
"Winola Lane","street",1
"Top It Off Essentials Inc","establishment",1
"Runway Style Bar & Boutique","establishment",1
"North 4th Street","street",1
"Lake Mary","city",16
"Inner Beauty Skin Care, Inc.","establishment",1
"Amber Clore","name",1
"Robin Zimmerman Ritchie","name",1
"Meagan Eissele","name",1
"Ali Rittenhouse","name",1
"Timberlachen Circle","street",1
"Abitare Salon","establishment",1
"West Lake Mary Boulevard","street",7
"Salon Diva","establishment",1
"Ryan dalton","name",1
"Sara Rivera","name",1
"Teri Welden","name",1
"Roxanne Charon","name",1
"Ashley Simmons","name",1
"Hair Cuttery","establishment",1
"Nick Noll","name",1
"sarah cross","name",1
"Julie DiGirolamo","name",3
"JULIENE DAUB","name",1
"Chelsie Hudson","name",1
"West Lakeview Avenue","street",1
"Shades Salon","establishment",1
"mia gatta","name",1
"Elizabeth Nikollaj","name",1
"Ecco Nails & Spa","establishment",1
"Meagan Mance","name",1
"Cornette Barfield","name",1
"Victoria Campos","name",1
"A Cc","name",1
"edgecretsgal","name",1
"Lake Emma Road","street",2
"Great Clips Lake Mary Centre","establishment",1
"Peter Ishak","name",1
"Sanford","city",3
"Fantastic Sams Hair Salons","establishment",1
"AGP NineNine","name",1
"Elizabeth Vickers Kempe","name",1
"South Sun Drive","street",1
"Salon Ratay","establishment",1
"Cindy McKnight","name",1
"Caroline Killian","name",1
"Sarah G","name",1
"Jan Garcias","name",1
"Primera Boulevard","street",1
"Primera Salon & Spa","establishment",1
"Evin P","name",1
"Dana B.","name",1
"Mid Florida Dermatology Lake Mary","establishment",1
"Eleyda Contreras","name",1
"Michelle Atwell","name",1
"Robert Cushen","name",1
"Art Hernandez","name",1
"Nail Spa","establishment",1
"Elena DeLuca","name",1
"Nicole Mills","name",1
"North Country Club Road","street",1
"Studio 209 Beauty Salon","establishment",1
"Madeline Nolden","name",1
"Lisa Hall","name",1
"Christopher Henry","name",1
"Supercuts","establishment",1
"Paige Lemay","name",1
"Jeffrey Frye","name",1
"Cool Cuts 4 Kids","establishment",1
"Patricia Stevenson","name",1
"County Road 427","street",1
"Longwood","city",1
"Cosmopolitan Salon & Beauty","establishment",1
"ashley jordan smith","name",1
"Permanent Solution","establishment",1
"Spike Zombiie","name",1
"Rinehart Road","street",1
"For Your Nails Plus Tan","establishment",1
"South Orlando Drive","street",1
"Smartstyle Family Hair Salon","establishment",1
"Electric Beach Tanning","establishment",1
"North Kilroy Road","street",1
"Turlock","city",19
"Turlock Regional Sports Complex","establishment",1
"Jose Gonzalez","name",1
"Juan Manuel Jimenez","name",1
"Broadway Park","establishment",1
"Diana Pulido","name",1
"charlie kelley","name",1
"North Soderquist Road","street",1
"Turlock Memorial Park and Funeral Home","establishment",1
"Ruby Oliveira","name",1
"Twizzle Dog","name",1
"Seasons Park Drive","street",1
"Four Seasons Park","establishment",1
"Ana Tovar","name",1
"North Tegner Road","street",1
"Atch Pedretti Park","establishment",1
"North Berkeley Avenue","street",1
"Markley Park","establishment",1
"Matthew Davies","name",1
"Castleview Drive","street",1
"Bristol Park","establishment",1
"Fulkerth Road","street",1
"Summerfaire Park","establishment",1
"Central Park","establishment",1
"Sandy Way","street",1
"Ferreira Ranch Park","establishment",1
"East Christoffersen Parkway","street",1
"Christoffersen Park","establishment",1
"Teague Park","establishment",1
"Cherry Blossom Lane","street",1
"Dale Pinkney Park","establishment",1
"Mariposa Drive","street",2
"Sustainable Garden","establishment",1
"University Circle","street",1
"The Quad","establishment",1
"Geer Road","street",1
"Green Horizon Landscaping","establishment",1
"Trans-California Pathway Project","establishment",1
"John Wold","name",1
"Denair","city",1
"Denair Cemetery","establishment",1
"Pedras Road","street",1
"Donnelly Park","establishment",1
"annette dejarnett","name",1
"Toni Hunter","name",1
"isabel corral","name",1
"Jose Carasco","name",1
"Chasen Zarcone","name",1
"Gettysburg Street","street",1
"Rotary International Park","establishment",1
"South Main Street","street",6
"Davidsville","city",9
"Forget Me Not Floral & Gift Shoppe","establishment",1
"Hollsopple","city",9
"J R's Shoppe II","establishment",1
"Miller Picking Road","street",1
"Bruce Nurseries","establishment",1
"Mill Street","street",1
"Hollsopple Feed Mill","establishment",1
"Penn Avenue","street",2
"Dollar General","establishment",1
"North Main Street","street",4
"Thomahawk Deli & Grill","establishment",1
"Tom Murray","name",1
"Bryce Maldet","name",1
"Jared Romanoski","name",1
"Somerset Pike","street",1
"Thomas Feed Mill","establishment",1
"Varner's Auto","establishment",1
"Shaunna V","name",1
"Davidsville Fuel","establishment",1
"Bill M","name",1
"Whistler Road","street",1
"Hooversville","city",1
"America's Best Auto Sales","establishment",1
"First Commonwealth Bank","establishment",1
"Esther Drive","street",1
"Budget Blinds","establishment",1
"Treasures of the Earth","establishment",1
"Maple Springs Road","street",1
"Century Farm Crafts","establishment",1
"Burkett Builders","establishment",1
"Tire Hill Road","street",1
"Johnstown","city",1
"AK Auto Repair","establishment",1
"Keeping You Covered Tent Rental","establishment",1
"Township Pharmacy Davidsville","establishment",1
"Wyandt's One Stop","establishment",1
"Blough's Delicatessen","establishment",1
"South Peoria Avenue","street",1
"Tulsa","city",9
"The Yoga Room","establishment",1
"Jordan McEntire","name",1
"South Lewis Avenue","street",1
"YWCA Tulsa","establishment",1
"Ylatan Delrey","name",1
"Hugh Robert","name",1
"Utica Square","street",1
"SALT Yoga","establishment",1
"Anthony Agostino","name",1
"Hita S","name",1
"East 33rd Street","street",1
"Tulsa Yoga Therapy","establishment",1
"Russell Keyes","name",1
"East 6th Street","street",1
"Be Love Yoga Studio","establishment",1
"Be Love Yoga Studio","name",1
"S Harvard Ave # H1","street",1
"Studio Bilancia","establishment",1
"South Detroit Avenue","street",1
"Yoga with Bree","establishment",1
"lululemon athletica Center 1","establishment",1
"Cara Bruner","name",1
"E 33rd St","street",1
"Subtle Breath Yoga","establishment",1
"East Main Street","street",3
"Robinson","city",6
"Maurices","establishment",1
"Court Street","street",1
"Kim's Alterations","establishment",1
"West Main Street","street",2
"Glik's","establishment",1
"Hail Canace","name",1
"East 1050th Avenue","street",1
"Clothing Center Workshop","establishment",1
"Seminole Highway","street",1
"Madison","city",19
"University of Wisconsin-Madison Arboretum","establishment",1
"Zeks Abraham","name",1
"Wyatt Meagher","name",1
"Christine Jacobs","name",1
"subigya subedi","name",1
"Martin Luther King Junior Boulevard","street",1
"Madison Parks Division","establishment",1
"Howard Bjorklund","name",1
"Babcock Drive","street",1
"Allen Centennial Gardens","establishment",1
"Brian Allen","name",1
"Susie Coffman","name",1
"Chung-Han Hsieh","name",1
"North Randall Avenue","street",1
"Camp Randall Memorial Park","establishment",1
"East Gorham Street","street",1
"Period Garden Park","establishment",1
"Jordan Endres","name",1
"West Washington Avenue","street",1
"Brittingham Park","establishment",1
"Nigel Noll","name",1
"Erik Norsetter","name",1
"County Road S","street",1
"Campbellsport","city",1
"Parnell Tower Loop Trail","establishment",1
"Mike Ertz","name",1
"University Avenue","street",1
"Botanical Gardens","establishment",1
"Heather G","name",1
"Luke Haruki","name",1
"Jaron Rosenau","name",1
"Kensington Drive","street",1
"Maple Bluff Country Club","establishment",1
"South Blair Street","street",1
"Law Park","establishment",1
"Phil Butcher","name",1
"Vilas Avenue","street",1
"Bear Mound Park","establishment",1
"South Randall Avenue","street",1
"Vilas Park","establishment",1
"Melissa Orr","name",1
"Olin-Turville Court","street",1
"Olin Park","establishment",1
"Monica Engelbart","name",1
"Jesse Pollock","name",1
"Josh Herritz","name",1
"West Brittingham Place","street",1
"Brittingham Beach","establishment",1
"Jenifer Street","street",1
"Kerr - McGee Triangle Park","establishment",1
"Spaight Street","street",2
"B.B. Clarke Beach","establishment",1
"Orton Park","establishment",1
"Carlos Chacon","name",1
"Glenway Street","street",1
"Reservoir Park","establishment",1
"Fish Hatchery Road","street",1
"Bowman Park","establishment",1
"East Sunset Court","street",1
"Sunset Park","establishment",1
"Christopher Walsh","name",1
"Brinsley Mcnamara","name",1
"West Camden Street","street",1
"Baltimore","city",20
"Dempsey's Brew Pub and Restaurant","establishment",1
"Paul Slebzak","name",1
"Chris Heidelberg","name",1
"Warren Pompey","name",1
"Andrew Parker","name",1
"Jamie Myers","name",1
"Aliceanna Street","street",4
"Roy's","establishment",1
"Phil Miller","name",1
"Alice Wang","name",1
"sabih haq","name",1
"Noble Ackerson","name",1
"Kelly G","name",1
"Blue Moon Cafe","establishment",1
"JJ Kim","name",1
"Krysita Menchaca","name",1
"Richard LIPSKY","name",1
"Mike S","name",1
"Cristine O","name",1
"South Broadway","street",2
"Max's Taphouse","establishment",1
"Jaymes Smith","name",1
"zdp426","name",1
"Todd Parker","name",1
"michelle strain","name",1
"Sheila Chavis","name",1
"East Fort Avenue","street",1
"Himalayan House","establishment",1
"Clinton Davis","name",1
"Kyle Warner","name",1
"Vidyasagar Vasamsetty","name",1
"Akarsh Kumar","name",1
"Pearl Regmi","name",1
"East Pratt Street","street",4
"Phillips Seafood","establishment",1
"Coleman Wimbish","name",1
"Shaka Harrison","name",1
"Adam DeCook","name",1
"Winston Shaffer","name",1
"Robert Northrup","name",1
"International Drive","street",1
"Wit & Wisdom","establishment",1
"Michelle Greaver","name",1
"Tatsuo Suki","name",1
"vickyseidel","name",1
"Phil S","name",1
"Matthew Danowski","name",3
"Chipotle Mexican Grill","establishment",2
"Cristina Weed","name",1
"shuara muhammad","name",1
"Ivan Diaz","name",1
"angela privette","name",1
"Saif Hossain","name",1
"Pulaski Highway","street",1
"Taco Bell","establishment",1
"Kaitlyn Walter","name",1
"Jonus Jonus","name",1
"Ashley Matthews","name",1
"O Donnell Street","street",1
"Nacho Mama's","establishment",1
"Mady Jatta","name",2
"c law","name",1
"Maggie Flynn","name",1
"Shanna Dell","name",1
"Bolton Street","street",1
"B - A Bolton Hill Bistro","establishment",1
"Grant A","name",1
"Pure Romance By IrinaB","name",1
"Sean Johnson","name",1
"Neal Patrick Garith","name",1
"John Garner","name",1
"The Oceanaire Seafood Room","establishment",1
"Nicole Thier","name",1
"Lawrence Northup","name",1
"Thaddeus Harrington","name",1
"Chris Jackson","name",1
"Zachary Walton","name",1
"Fogo de Chão Brazilian Steakhouse","establishment",1
"Vedra Moon","name",1
"Chris Mori","name",1
"Chelsea Harris","name",1
"Ebony Johnson","name",1
"Melida Tatiana","name",1
"Eastern Avenue","street",1
"McCormick & Schmick's Seafood & Steaks","establishment",1
"Tara Steverson","name",1
"jennie o","name",1
"James Hodge","name",1
"Alyssa Keebler","name",1
"William Slogan","name",1
"Lancaster Street","street",1
"Charleston","establishment",1
"Alicia McNee","name",1
"John Papanicolaou","name",1
"Nathan Sinclair","name",1
"Christopher Coe","name",1
"Lighthouse Point East","street",1
"Bo Brooks Restaurant","establishment",1
"luke hershman","name",1
"Aaron Dobbins Jr.","name",1
"Darrius Sympton","name",1
"Kemi Jo","name",1
"Heath Myers","name",1
"Insulator Drive","street",1
"Nick's Fish House","establishment",1
"Seth Galentine","name",1
"Olivier N","name",1
"Mariya Shchesyuk","name",1
"Maurice Hunon","name",1
"Eric Gunderson","name",1
"Panera Bread","establishment",1
"Eric P","name",1
"Marlon Riddle","name",1
"Ryan Foy","name",1
"Morgan Cole","name",1
"Pazo","establishment",1
"Ricky Bell","name",1
"Will Gilchrist, Jr.","name",1
"Danny Andazola","name",1
"Meag Regina","name",1
"Warren Murray","name",1
"South Charles Street","street",1
"Mother's Federal Hill Grille","establishment",1
"Erin Plese","name",1
"Adam Cain","name",1
"Bryan Brothers","name",1
"Joe Lishok","name",1
"sabrina bland","name",1
"West Higgins Road","street",7
"Rosemont","city",11
"Shoeless Joe's Ale House & Grille","establishment",1
"Jay Kuruvilla","name",1
"Andy Weigel","name",1
"Jon Anderson","name",1
"Adam H","name",1
"Ryan Helmer","name",1
"Bessie Coleman Dr","street",1
"Chicago","city",5
"Berghoff Cafe","establishment",1
"Spencer Wade","name",1
"Hannah-Grace Broadwell","name",1
"John Frame","name",1
"D Pham","name",1
"Masayoshi Tanaka","name",1
"Ram Restaurant & Brewery","establishment",1
"Bart B","name",1
"Donald Mendelson","name",1
"George Worsham","name",1
"Cruise Russo","name",1
"Abba Bernard","name",1
"North River Road","street",2
"Gibsons Bar & Steakhouse","establishment",1
"Vince Castro","name",1
"Isa Murad","name",1
"Karl Stearns","name",1
"Steve M","name",1
"Scott Baker","name",1
"Bessie Coleman Drive","street",1
"Tortas Frontera","establishment",1
"Lorin Freedman","name",1
"TianTian Eats","name",1
"Carlos Paz","name",1
"Kelly Rice","name",1
"Liana Kolodenker","name",1
"TGI Fridays","establishment",1
"Riigz V","name",1
"Abe Abrahamian","name",1
"Cindy Tong","name",1
"Jesse Salazar","name",1
"Michael Liden","name",1
"Bryn Mawr Avenue","street",1
"Morton's The Steakhouse","establishment",1
"Mark Respress","name",1
"Nicholas Irmo","name",1
"Chad Cockcroft","name",1
"Nathan Dunn","name",1
"Harry Caray's Italian Steakhouse","establishment",1
"Dodd Vernon","name",1
"Aneas Wiley","name",1
"Seth Long","name",1
"Rachael Gibson","name",1
"Benjamin Johnson","name",1
"Chicago Marriott O'Hare","establishment",1
"Sharon Braun","name",1
"Piper Madison","name",1
"Alex Bauer","name",1
"J Solsol Jr","name",1
"adam kirschbaum","name",1
"Foster Avenue","street",1
"Maria's Mexican Restaurant","establishment",1
"Darin Forbes","name",1
"Cyndi Almada","name",1
"Robert Stebbins","name",1
"Billy Bryant","name",1
"Chris Knight","name",1
"Laredo's Restaurant","establishment",1
"Seth Cannon","name",1
"Ajay Patel","name",1
"kristina fixmer","name",1
"Erin Daniels","name",1
"Addam Lambert","name",1
"North Cumberland Avenue","street",2
"Norridge","city",2
"Basilico Ristorante","establishment",1
"wnorowsk","name",1
"Anthony Martorina","name",1
"Mannheim Road","street",1
"jDub You","name",1
"Christopher Walters","name",1
"Jeff Kresser","name",1
"AllonJay D.","name",1
"Thomas Rossi","name",1
"Giordano's","establishment",1
"Brad Corwin","name",1
"Veronica","name",1
"Christopher Aune","name",1
"Mike Tofanelli","name",1
"shalts hedrick","name",1
"McDonald's","establishment",1
"Dave Salvi","name",1
"jesse calderon","name",1
"Adders Otter","name",1
"Juan Alvarado","name",1
"D nes","name",1
"Higgins Road","street",1
"Park Ridge","city",1
"Mac's Restaurant","establishment",1
"Brian Clark","name",1
"TONY STARK","name",1
"Judd Bowers","name",1
"Brendon Buxton","name",1
"Melissa Raef","name",1
"Lin's Mandarin Chinese & Asian Restaurant","establishment",1
"Brandi Padula","name",1
"anthony long","name",1
"Dave Y","name",1
"David Poff","name",1
"Adam Tyler","name",1
"North O'Hare Fld","street",1
"Gaslight Club Inc","establishment",1
"Sam Maxey","name",1
"Park Place","street",1
"Hofbräuhaus Chicago","establishment",1
"Chris D","name",1
"Mike Brodecki","name",1
"Anton Khakhalin","name",1
"Erik Seyring","name",1
"Mike Pollak","name",1
"Addison Avenue","street",1
"Franklin Park","city",1
"Al & Joe's","establishment",1
"Tomasz Ustupski","name",1
"Jim Schranz","name",1
"Colleen Kelley","name",1
"Daniel Rodriguez","name",1
"Larry Zidek","name",1
"West Prien Lake Road","street",11
"Lake Charles","city",20
"Darrell Moore","name",1
"Ange Antonson","name",1
"Victoria's Secret","establishment",2
"Dillard's","establishment",1
"Buckle","establishment",1
"Raedella Peloquin","name",1
"The Children's Place","establishment",1
"Men's Wearhouse","establishment",2
"Tara Ellender","name",1
"Audrey Williams","name",1
"Sharhonda McPheters","name",1
"Express - Prien Lake Mall","establishment",1
"Sears","establishment",2
"Justice","establishment",1
"Journeys","establishment",1
"Hot Topic","establishment",1
"Pujo Street","street",1
"Perfect Fit","establishment",1
"JCPenney","establishment",2
"Kids Foot Locker","establishment",1
"Ryan Street","street",2
"Bella's Bridal Boutique & Mr Formal","establishment",1
"Sierrah hostetler","name",1
"tailor ray","name",1
"Vincent Moore","name",2
"M B Rich Jewelry Inc","establishment",1
"Wet Seal","establishment",2
"Rhinestone Runway","establishment",1
"beth comb","name",1
"Megan Bobbitt","name",1
"Auburn Boulevard","street",1
"Citrus Heights","city",16
"Aaron Grace","name",2
"Jason Carver","name",2
"Cameron Davis","name",1
"Bbenb B","name",1
"Jenn Paisley","name",1
"Citrus Hts","city",1
"Tiffany K","name",1
"kristina mckee","name",1
"patrice smith","name",1
"robert estrada","name",1
"Tilly's","establishment",1
"Sunrise Boulevard","street",2
"Ashley Mason","name",1
"Greenback Lane","street",2
"Once Upon A Child","establishment",1
"Jomanna Archer","name",1
"chris roe","name",1
"Tupelo Drive","street",1
"FreeStyle Clothing Exchange","establishment",1
"King Cali","name",1
"Meagan Walker","name",1
"Janie H.","name",1
"Carter's","establishment",1
"Birdcage Centre Lane","street",2
"Sports Authority Sporting Goods","establishment",1
"Stephenie Gomez","name",1
"Lynn LaShondra","name",1
"angelique coleman","name",1
"Zumiez","establishment",1
"Stephen Gierek","name",1
"Express - Sunrise Center","establishment",1
"Irina Pustovoytova","name",1
"Sunrise Mall","street",3
"Orangevale","city",1
"Brandon Valencia","name",1
"Greg Cook","name",1
"Kathryn Lano","name",1
"Q. Qniform Q.","name",1
"James Spearing","name",1
"Frederick's of Hollywood","establishment",1
"Sunrise Avenue","street",1
"Roseville","city",1
"Tadpoles","establishment",1
"Lindsey Robinson","name",1
"Levi Zortman","name",1
"Manzanita Avenue","street",1
"Carmichael","city",1
"Aaron Klapheck","name",1
"Brandon Grob","name",1
"Shoe Palace","establishment",1
"Joyce Beattie","name",1
"Larry Goss","name",1
"East 900 South","street",1
"Salt Lake City","city",19
"Centered City Yoga","establishment",1
"Amber Gregg-Kerbein","name",1
"Morgan Cesa","name",1
"Brooke Horejsi","name",1
"Pamela Westwood Kelley","name",1
"Susanna Johnson","name",1
"South Highland Drive","street",1
"CorePower Yoga","establishment",1
"Athena Bee","name",1
"Sherri Candland","name",1
"José García","name",1
"Selma Moric","name",1
"Anichka Simonyan","name",1
"South 1100 East","street",2
"Bikram Yoga SLC","establishment",1
"Peggy Jorquera","name",1
"Robert Arnold","name",1
"Sarah Quinn","name",1
"Matthew Mulholland","name",1
"John Vigil","name",1
"South 400 West","street",1
"Front Climbing Club","establishment",1
"Joel Kushlan","name",1
"Travis tHoenshell","name",1
"Colt R","name",1
"Steven Meitler","name",1
"Connor England","name",1
"Wilmington Avenue","street",1
"Sugar Space","establishment",1
"East 3300 South","street",2
"Imagination Place","establishment",1
"Darcy Goddard","name",1
"Maggie Freer","name",1
"Magdalena Maczynska","name",1
"virusboy07","name",1
"Janay MJ","name",1
"South 2000 East","street",1
"The Yoga Center | Sugarhouse","establishment",1
"Brian Klepper","name",1
"South 700 East","street",1
"Lululemon Athletica","establishment",1
"erica jensen","name",1
"Muhammad Awan","name",1
"Windsor Street","street",2
"Yoga Central","establishment",1
"East 3900 South","street",1
"Mountain View Medical Weight Loss & Nutrition","establishment",1
"Studio Soiree","establishment",1
"Park Street","street",1
"Cool E Fitness","establishment",1
"E 3370 S","street",1
"Millcreek","city",1
"Krishna Yoga Center","establishment",1
"Rogelio Quintana","name",1
"South 900 East","street",1
"Bhakti Yoga Lounge","establishment",1
"East 2100 South","street",1
"Integrated School of Yoga","establishment",1
"Nicole Carlson","name",1
"Charles Kimball","name",1
"Robert Vandenaker","name",1
"Angela Minen","name",1
"Lisa Higbee","name",1
"Urban Arts Fitness and Dance Studio","establishment",1
"September Shahravar","name",1
"Guardsman Way","street",1
"Salt Lake City Sports Complex","establishment",1
"Tom F","name",1
"Julian Goddard","name",1
"xPro Gaming PC","name",1
"Benjamin Colters","name",1
"Mudita Yoga","establishment",1
"East Whitlock Avenue","street",1
"Soul Light Connections","establishment",1
"Tobin Biesele","name",1
"Wasatch Ayurveda and Yoga Upstairs","establishment",1
"Jana Bobo","name",1
"Ardy Taylor","name",1
"South Limestone","street",4
"Lexington","city",20
"Kennedy's Wildcat Den","establishment",1
"Adam Lue","name",1
"Quinn Hill","name",1
"grant schickli","name",1
"Kelsey Chavez","name",1
"Ted Chastain","name",1
"CD Central","establishment",1
"Richie Delaney","name",1
"Drake Pregnall","name",1
"Jimmy John's","establishment",1
"Sawyer Curd","name",1
"Samuel Gruber","name",1
"Blake Owens","name",1
"West Loudon Avenue","street",1
"Euclid Avenue","street",2
"Kroger","establishment",1
"Anthony Trabish","name",1
"Kyle Hagan","name",1
"Jordan Harrell","name",1
"sQecial Media","establishment",1
"Robin Ratliff","name",1
"Emily Duncan","name",1
"Emma Goetzinger","name",1
"Linel Rogers","name",1
"Amber Minix","name",1
"South Ashland Avenue","street",1
"John's Run/Walk Shop","establishment",1
"Mallory L","name",1
"Robert Lynch","name",1
"Andrew W Hopewell","name",1
"Student Center Annex","street",1
"University of Kentucky Bookstore","establishment",1
"Matt Sirrine","name",1
"Brian Correa Muñoz","name",1
"West Maxwell Street","street",1
"Bella Rose","establishment",1
"Lori Houlihan","name",1
"New Circle Road","street",1
"Jessica King","name",1
"William Shane","name",1
"Shimra Davis","name",1
"Mark John Korkoryi","name",1
"Richard Adams","name",1
"Clay Avenue","street",1
"Peggy's Gifts & Accessories","establishment",1
"Versailles Road","street",1
"Drew Boggess","name",1
"West Vine Street","street",1
"Artique","establishment",1
"The Beer Trappe","establishment",1
"Heather Teachey","name",1
"Ralph Quillin","name",1
"Rachel Kosmal","name",1
"Graves-Cox & Co","establishment",1
"Woodland Avenue","street",1
"Bluetique Cheap Chic","establishment",1
"East New Circle Road","street",1
"Sling Point Firearms Inc","establishment",1
"Tony Graft","name",1
"Garrett Slater","name",1
"Andrew Duff","name",1
"Martin Harley","name",1
"Andrew Culp","name",1
"Wildcat Wearhouse","establishment",1
"Virginia Avenue","street",1
"KyTrade Computer Services","establishment",1
"Fearganius","name",1
"Tony Bellamy","name",1
"Darby Dupree","name",1
"Charla Hylton","name",1
"John Bolton","name",1
"Jennifer Hall Hollars","name",1
"marcos valdes","name",1
"Gregory King","name",1
"cici johnson","name",1
"Fredrick Hight","name",1
